User,In-Degree Centrality,Number of RfA Runs,Years of RfA Runs
HJ Mitchell,0.10178631614425346,341,"2010, 2011"
Ironholds,0.08864172564880352,294,"2010, 2011"
The Thing That Should Not Be,0.081226828446242,265,2010
SarekOfVulcan,0.07987866531850354,237,2011
Everyking,0.07920458375463431,239,2010
Connormah,0.0788675429726997,326,2010
SarahStierch,0.07347489046174588,218,2012
Σ,0.07313784967981125,217,2012
Lord Roem,0.07246376811594203,272,"2012, 2013"
Drmies,0.07010448264239974,208,2011
